#気分,#雰囲気,#誰と一緒,#空腹度,&ランチ,
よい,ガッツリ,ひとり,空腹,ラーメン,
普通,ガッツリ,ひとり,空腹,ラーメン,
ストレス,ガッツリ,ひとり,空腹,ラーメン,
よい,おしゃれ,ひとり,空腹,イタリアン,
普通,おしゃれ,ひとり,空腹,イタリアン,
ストレス,おしゃれ,ひとり,空腹,イタリアン,
元気ない,おしゃれ,ひとり,空腹,イタリアン,
よい,お祝ムード,ひとり,空腹,和食,
普通,お祝ムード,ひとり,空腹,和食,
ストレス,お祝ムード,ひとり,空腹,和食,
よい,安くしたい,ひとり,空腹,コンビニ,
普通,安くしたい,ひとり,空腹,コンビニ,
ストレス,安くしたい,ひとり,空腹,コンビニ,
元気ない,安くしたい,ひとり,空腹,コンビニ,
よい,ガッツリ,友達,空腹,ラーメン,
普通,ガッツリ,友達,空腹,ラーメン,
ストレス,ガッツリ,友達,空腹,ラーメン,
元気ない,ガッツリ,友達,空腹,ラーメン,
よい,おしゃれ,友達,空腹,イタリアン,
普通,おしゃれ,友達,空腹,イタリアン,
ストレス,おしゃれ,友達,空腹,イタリアン,
元気ない,おしゃれ,友達,空腹,イタリアン,
よい,お祝ムード,友達,空腹,イタリアン,
普通,お祝ムード,友達,空腹,イタリアン,
ストレス,お祝ムード,友達,空腹,イタリアン,
元気ない,お祝ムード,友達,空腹,イタリアン,
よい,会話したい,友達,空腹,和食,
普通,会話したい,友達,空腹,和食,
ストレス,会話したい,友達,空腹,和食,
元気ない,会話したい,友達,空腹,和食,
よい,安くしたい,友達,空腹,ラーメン,
普通,安くしたい,友達,空腹,ラーメン,
ストレス,安くしたい,友達,空腹,ラーメン,
元気ない,安くしたい,友達,空腹,ラーメン,
よい,ガッツリ,先生,空腹,ラーメン,
普通,ガッツリ,先生,空腹,ラーメン,
ストレス,ガッツリ,先生,空腹,ラーメン,
よい,おしゃれ,先生,空腹,イタリアン,
普通,おしゃれ,先生,空腹,イタリアン,
ストレス,おしゃれ,先生,空腹,イタリアン,
元気ない,おしゃれ,先生,空腹,イタリアン,
よい,お祝ムード,先生,空腹,和食,
普通,お祝ムード,先生,空腹,和食,
ストレス,お祝ムード,先生,空腹,和食,
元気ない,お祝ムード,先生,空腹,和食,
よい,会話したい,先生,空腹,和食,
普通,会話したい,先生,空腹,和食,
ストレス,会話したい,先生,空腹,和食,
元気ない,会話したい,先生,空腹,和食,
よい,安くしたい,先生,空腹,ラーメン,
普通,安くしたい,先生,空腹,ラーメン,
ストレス,安くしたい,先生,空腹,ラーメン,
元気ない,安くしたい,先生,空腹,ラーメン,
よい,ガッツリ,ひとり,少し空腹,ラーメン,
普通,ガッツリ,ひとり,少し空腹,ラーメン,
ストレス,ガッツリ,ひとり,少し空腹,ラーメン,
よい,おしゃれ,ひとり,少し空腹,イタリアン,
普通,おしゃれ,ひとり,少し空腹,イタリアン,
ストレス,おしゃれ,ひとり,少し空腹,イタリアン,
元気ない,おしゃれ,ひとり,少し空腹,イタリアン,
よい,お祝ムード,ひとり,少し空腹,イタリアン,
普通,お祝ムード,ひとり,少し空腹,イタリアン,
ストレス,お祝ムード,ひとり,少し空腹,イタリアン,
よい,安くしたい,ひとり,少し空腹,コンビニ,
普通,安くしたい,ひとり,少し空腹,コンビニ,
ストレス,安くしたい,ひとり,少し空腹,コンビニ,
元気ない,安くしたい,ひとり,少し空腹,コンビニ,
よい,ガッツリ,友達,少し空腹,ラーメン,
普通,ガッツリ,友達,少し空腹,ラーメン,
ストレス,ガッツリ,友達,少し空腹,ラーメン,
元気ない,ガッツリ,友達,少し空腹,ラーメン,
よい,おしゃれ,友達,少し空腹,イタリアン,
普通,おしゃれ,友達,少し空腹,イタリアン,
ストレス,おしゃれ,友達,少し空腹,イタリアン,
元気ない,おしゃれ,友達,少し空腹,イタリアン,
よい,お祝ムード,友達,少し空腹,イタリアン,
普通,お祝ムード,友達,少し空腹,イタリアン,
ストレス,お祝ムード,友達,少し空腹,イタリアン,
元気ない,お祝ムード,友達,少し空腹,イタリアン,
よい,会話したい,友達,少し空腹,イタリアン,
普通,会話したい,友達,少し空腹,イタリアン,
ストレス,会話したい,友達,少し空腹,イタリアン,
元気ない,会話したい,友達,少し空腹,和食,
よい,安くしたい,友達,少し空腹,中華,
普通,安くしたい,友達,少し空腹,中華,
ストレス,安くしたい,友達,少し空腹,中華,
元気ない,安くしたい,友達,少し空腹,中華,
よい,ガッツリ,先生,少し空腹,ラーメン,
普通,ガッツリ,先生,少し空腹,ラーメン,
ストレス,ガッツリ,先生,少し空腹,ラーメン,
よい,おしゃれ,先生,少し空腹,イタリアン,
普通,おしゃれ,先生,少し空腹,イタリアン,
ストレス,おしゃれ,先生,少し空腹,イタリアン,
元気ない,おしゃれ,先生,少し空腹,イタリアン,
よい,お祝ムード,先生,少し空腹,和食,
普通,お祝ムード,先生,少し空腹,和食,
ストレス,お祝ムード,先生,少し空腹,和食,
元気ない,お祝ムード,先生,少し空腹,和食,
よい,会話したい,先生,少し空腹,和食,
普通,会話したい,先生,少し空腹,和食,
ストレス,会話したい,先生,少し空腹,和食,
元気ない,会話したい,先生,少し空腹,和食,
よい,安くしたい,先生,少し空腹,中華,
普通,安くしたい,先生,少し空腹,中華,
ストレス,安くしたい,先生,少し空腹,中華,
元気ない,安くしたい,先生,少し空腹,中華,
よい,おしゃれ,ひとり,空いてない,コンビニ,
普通,おしゃれ,ひとり,空いてない,コンビニ,
ストレス,おしゃれ,ひとり,空いてない,コンビニ,
元気ない,おしゃれ,ひとり,空いてない,コンビニ,
よい,お祝ムード,ひとり,空いてない,コンビニ,
普通,お祝ムード,ひとり,空いてない,コンビニ,
ストレス,お祝ムード,ひとり,空いてない,コンビニ,
よい,安くしたい,ひとり,空いてない,コンビニ,
普通,安くしたい,ひとり,空いてない,コンビニ,
ストレス,安くしたい,ひとり,空いてない,コンビニ,
元気ない,安くしたい,ひとり,空いてない,コンビニ,
よい,ガッツリ,友達,空いてない,ラーメン,
普通,ガッツリ,友達,空いてない,ラーメン,
ストレス,ガッツリ,友達,空いてない,ラーメン,
元気ない,ガッツリ,友達,空いてない,ラーメン,
よい,おしゃれ,友達,空いてない,イタリアン,
普通,おしゃれ,友達,空いてない,イタリアン,
ストレス,おしゃれ,友達,空いてない,イタリアン,
元気ない,おしゃれ,友達,空いてない,イタリアン,
よい,お祝ムード,友達,空いてない,イタリアン,
普通,お祝ムード,友達,空いてない,イタリアン,
ストレス,お祝ムード,友達,空いてない,イタリアン,
元気ない,お祝ムード,友達,空いてない,イタリアン,
よい,会話したい,友達,空いてない,イタリアン,
普通,会話したい,友達,空いてない,イタリアン,
ストレス,会話したい,友達,空いてない,イタリアン,
元気ない,会話したい,友達,空いてない,イタリアン,
よい,安くしたい,友達,空いてない,コンビニ,
普通,安くしたい,友達,空いてない,コンビニ,
ストレス,安くしたい,友達,空いてない,コンビニ,
元気ない,安くしたい,友達,空いてない,コンビニ,
よい,ガッツリ,先生,空いてない,和食,
普通,ガッツリ,先生,空いてない,和食,
ストレス,ガッツリ,先生,空いてない,和食,
元気ない,ガッツリ,先生,空いてない,和食,
よい,おしゃれ,先生,空いてない,イタリアン,
普通,おしゃれ,先生,空いてない,イタリアン,
ストレス,おしゃれ,先生,空いてない,イタリアン,
元気ない,おしゃれ,先生,空いてない,イタリアン,
よい,お祝ムード,先生,空いてない,和食,
普通,お祝ムード,先生,空いてない,和食,
ストレス,お祝ムード,先生,空いてない,和食,
元気ない,お祝ムード,先生,空いてない,和食,
よい,会話したい,先生,空いてない,和食,
普通,会話したい,先生,空いてない,和食,
ストレス,会話したい,先生,空いてない,和食,
元気ない,会話したい,先生,空いてない,和食,
よい,安くしたい,先生,空いてない,コンビニ,
普通,安くしたい,先生,空いてない,コンビニ,
ストレス,安くしたい,先生,空いてない,コンビニ,
元気ない,安くしたい,先生,空いてない,コンビニ,
